{"v":"4.8.0","meta":{"g":"LottieFiles AE 3.6.0","a":"","k":"","d":"","tc":""},"fr":25,"ip":0,"op":50,"w":750,"h":1624,"nm":"01_Progress","ddd":0,"assets":[],"layers":[{"ddd":0,"ind":1,"ty":3,"nm":"Adjustment Layer 1","sr":1,"ks":{"o":{"a":0,"k":100,"ix":11},"r":{"a":0,"k":0,"ix":10},"p":{"a":0,"k":[375,812,0],"ix":2},"a":{"a":0,"k":[375,812,0],"ix":1},"s":{"a":0,"k":[100,100,100],"ix":6}},"ao":0,"ip":0,"op":50,"st":0,"bm":0},{"ddd":0,"ind":2,"ty":4,"nm":"Line_ani","sr":1,"ks":{"o":{"a":0,"k":100,"ix":11},"r":{"a":0,"k":0,"ix":10},"p":{"a":0,"k":[375,812,0],"ix":2},"a":{"a":0,"k":[-0.25,0.25,0],"ix":1},"s":{"a":0,"k":[100,100,100],"ix":6}},"ao":0,"shapes":[{"ty":"gr","it":[{"d":1,"ty":"el","s":{"a":0,"k":[90,90],"ix":2},"p":{"a":0,"k":[0,0],"ix":3},"nm":"Ellipse Path 1","mn":"ADBE Vector Shape - Ellipse","hd":false},{"ty":"gs","o":{"a":0,"k":100,"ix":9},"w":{"a":0,"k":12,"ix":10},"g":{"p":3,"k":{"a":0,"k":[0,0.478,0.624,1,0.5,0.239,0.486,1,1,0,0.349,1],"ix":8}},"s":{"a":0,"k":[-10.627,43.778],"ix":4},"e":{"a":0,"k":[-45.404,-3.852],"ix":5},"t":1,"lc":2,"lj":1,"ml":4,"ml2":{"a":0,"k":4,"ix":13},"bm":0,"nm":"Gradient Stroke 1","mn":"ADBE Vector Graphic - G-Stroke","hd":false},{"ty":"tr","p":{"a":0,"k":[-0.484,-0.49],"ix":2},"a":{"a":0,"k":[0,0],"ix":1},"s":{"a":0,"k":[100,100],"ix":3},"r":{"a":0,"k":0,"ix":6},"o":{"a":0,"k":100,"ix":7},"sk":{"a":0,"k":0,"ix":4},"sa":{"a":0,"k":0,"ix":5},"nm":"Transform"}],"nm":"Ellipse 1","np":2,"cix":2,"bm":0,"ix":1,"mn":"ADBE Vector Group","hd":false},{"ty":"tm","s":{"a":1,"k":[{"i":{"x":[0.271],"y":[1]},"o":{"x":[0],"y":[0]},"t":0,"s":[50]},{"i":{"x":[0.992],"y":[1]},"o":{"x":[0.855],"y":[0]},"t":10,"s":[53]},{"i":{"x":[0.718],"y":[1.044]},"o":{"x":[0],"y":[0]},"t":20,"s":[46]},{"i":{"x":[0.37],"y":[1]},"o":{"x":[0.213],"y":[0.087]},"t":24,"s":[30.178]},{"i":{"x":[1],"y":[1]},"o":{"x":[1],"y":[0]},"t":39,"s":[53]},{"t":49,"s":[50]}],"ix":1},"e":{"a":1,"k":[{"i":{"x":[0.271],"y":[1]},"o":{"x":[0],"y":[0.001]},"t":0,"s":[75]},{"i":{"x":[0.992],"y":[1]},"o":{"x":[0.855],"y":[0]},"t":10,"s":[73]},{"i":{"x":[0.718],"y":[1.137]},"o":{"x":[0],"y":[0]},"t":20,"s":[88]},{"i":{"x":[0.37],"y":[1]},"o":{"x":[0.213],"y":[0.164]},"t":24,"s":[99]},{"i":{"x":[1],"y":[1]},"o":{"x":[1],"y":[0]},"t":39,"s":[73]},{"t":49,"s":[75]}],"ix":2},"o":{"a":1,"k":[{"i":{"x":[0.271],"y":[1]},"o":{"x":[0],"y":[0]},"t":0,"s":[-47]},{"i":{"x":[0.37],"y":[1]},"o":{"x":[0.513],"y":[0]},"t":10,"s":[-106]},{"i":{"x":[1],"y":[1]},"o":{"x":[0.695],"y":[0]},"t":39,"s":[730]},{"t":49,"s":[682]}],"ix":3},"m":1,"ix":2,"nm":"Trim Paths 1","mn":"ADBE Vector Filter - Trim","hd":false}],"ip":0,"op":50,"st":0,"bm":0},{"ddd":0,"ind":3,"ty":4,"nm":"Circle_Gray","sr":1,"ks":{"o":{"a":0,"k":100,"ix":11},"r":{"a":0,"k":0,"ix":10},"p":{"a":0,"k":[360.458,806.849,0],"ix":2},"a":{"a":0,"k":[-14.792,-4.901,0],"ix":1},"s":{"a":0,"k":[100,100,100],"ix":6}},"ao":0,"shapes":[{"ty":"gr","it":[{"d":1,"ty":"el","s":{"a":0,"k":[90,90],"ix":2},"p":{"a":0,"k":[0,0],"ix":3},"nm":"Ellipse Path 1","mn":"ADBE Vector Shape - Ellipse","hd":false},{"ty":"st","c":{"a":0,"k":[0.917647058824,0.917647058824,0.917647058824,1],"ix":3},"o":{"a":0,"k":100,"ix":4},"w":{"a":0,"k":11.5,"ix":5},"lc":1,"lj":1,"ml":4,"bm":0,"nm":"Stroke 1","mn":"ADBE Vector Graphic - Stroke","hd":false},{"ty":"tr","p":{"a":0,"k":[-0.484,-0.49],"ix":2},"a":{"a":0,"k":[0,0],"ix":1},"s":{"a":0,"k":[100,100],"ix":3},"r":{"a":0,"k":0,"ix":6},"o":{"a":0,"k":100,"ix":7},"sk":{"a":0,"k":0,"ix":4},"sa":{"a":0,"k":0,"ix":5},"nm":"Transform"}],"nm":"Ellipse 1","np":3,"cix":2,"bm":0,"ix":1,"mn":"ADBE Vector Group","hd":false}],"ip":0,"op":50,"st":0,"bm":0}],"markers":[]}